timestamp,open,high,low,close,volume,close_time,quote_av,trades,tb_base_av,tb_quote_av,ignore
2019-01-01,0.00003227,0.00003420,0.00003035,0.00003072,5159104.00000000,1546387199999,165.50963884,10959,2481845.00000000,79.70085693,0
2019-01-02,0.00003069,0.00003142,0.00003036,0.00003076,2651331.00000000,1546473599999,82.07117613,4866,1201223.00000000,37.23538220,0
2019-01-03,0.00003066,0.00003100,0.00002965,0.00002988,1722898.00000000,1546559999999,52.25849275,3068,754197.00000000,22.90376696,0
2019-01-04,0.00002989,0.00003104,0.00002965,0.00003026,1263731.00000000,1546646399999,38.06973805,2672,608898.00000000,18.38406986,0
2019-01-05,0.00003027,0.00003048,0.00002953,0.00003006,1142016.00000000,1546732799999,34.21506524,2008,501160.00000000,15.02495331,0
2019-01-06,0.00003015,0.00003025,0.00002904,0.00002945,1370354.00000000,1546819199999,40.71233003,1873,538879.00000000,16.02746091,0
2019-01-07,0.00002956,0.00002996,0.00002911,0.00002959,776995.00000000,1546905599999,22.90334337,1189,319424.00000000,9.43686292,0
2019-01-08,0.00002949,0.00002989,0.00002917,0.00002937,490524.00000000,1546991999999,14.45133684,880,218056.00000000,6.43307449,0
2019-01-09,0.00002935,0.00003213,0.00002924,0.00002998,3093064.00000000,1547078399999,94.78023755,5957,1689611.00000000,51.80887599,0
2019-01-10,0.00002997,0.00003064,0.00002758,0.00002825,2091842.00000000,1547164799999,60.71820510,3418,890057.00000000,25.83978636,0
2019-01-11,0.00002825,0.00002982,0.00002784,0.00002909,949163.00000000,1547251199999,27.34808836,2099,418028.00000000,12.05758825,0
2019-01-12,0.00002909,0.00002909,0.00002795,0.00002876,863576.00000000,1547337599999,24.66792585,1742,372645.00000000,10.65276552,0
2019-01-13,0.00002866,0.00003000,0.00002756,0.00002774,1200748.00000000,1547423999999,34.63224558,2445,516902.00000000,14.91272099,0
2019-01-14,0.00002771,0.00002968,0.00002756,0.00002914,1027196.00000000,1547510399999,29.66664191,2100,520757.00000000,14.99200244,0
2019-01-15,0.00002926,0.00002983,0.00002870,0.00002950,1593726.00000000,1547596799999,46.72145970,2380,612021.00000000,17.96556963,0
2019-01-16,0.00002956,0.00003386,0.00002943,0.00003292,6730928.00000000,1547683199999,212.42384279,10818,3383772.00000000,107.24933848,0
2019-01-17,0.00003292,0.00004065,0.00003271,0.00003772,19086420.00000000,1547769599999,714.79417749,31641,9293434.00000000,348.60177310,0
2019-01-18,0.00003771,0.00008728,0.00003434,0.00005857,111230766.00000000,1547855999999,6869.60267982,153837,56576367.00000000,3505.58040754,0
2019-01-19,0.00005854,0.00006877,0.00005480,0.00005791,60522387.00000000,1547942399999,3730.04505890,113752,30595407.00000000,1888.39880714,0
2019-01-20,0.00005797,0.00006240,0.00005360,0.00006085,20217711.00000000,1548028799999,1171.43181029,48821,11044174.00000000,639.21412691,0
2019-01-21,0.00006089,0.00006685,0.00005695,0.00005799,15451710.00000000,1548115199999,932.04696799,36623,7698229.00000000,464.72974277,0
2019-01-22,0.00005806,0.00005871,0.00005115,0.00005257,10620572.00000000,1548201599999,571.84035026,25082,4661144.00000000,251.15764060,0
2019-01-23,0.00005251,0.00005302,0.00004935,0.00005007,7520099.00000000,1548287999999,381.09904115,17835,3637512.00000000,184.33510782,0
2019-01-24,0.00005006,0.00005060,0.00004600,0.00004785,6264117.00000000,1548374399999,298.60052841,15548,2826692.00000000,134.87551411,0
2019-01-25,0.00004777,0.00005263,0.00004630,0.00005028,11165591.00000000,1548460799999,554.23715282,24705,5482183.00000000,273.06290033,0
2019-01-26,0.00005023,0.00005200,0.00004800,0.00004879,6975325.00000000,1548547199999,345.45040190,15305,3266780.00000000,162.10304111,0
2019-01-27,0.00004880,0.00004904,0.00004105,0.00004288,7894978.00000000,1548633599999,352.93066821,18806,3906593.00000000,174.60666459,0
2019-01-28,0.00004289,0.00004851,0.00003911,0.00004404,12844570.00000000,1548719999999,553.87125108,27061,6084879.00000000,261.67744443,0
2019-01-29,0.00004410,0.00005133,0.00004306,0.00004473,25967390.00000000,1548806399999,1208.10576747,50752,12412529.00000000,579.25679319,0
2019-01-30,0.00004471,0.00004539,0.00004280,0.00004312,8837695.00000000,1548892799999,387.07921758,18106,4439634.00000000,194.61787238,0
2019-01-31,0.00004313,0.00004344,0.00003995,0.00004122,6290766.00000000,1548979199999,262.60477159,15252,3342671.00000000,139.57694144,0
2019-02-01,0.00004122,0.00004294,0.00003939,0.00004129,4262348.00000000,1549065599999,175.31363246,10276,1918904.00000000,78.86421307,0
2019-02-02,0.00004150,0.00004232,0.00004058,0.00004137,2939861.00000000,1549151999999,121.29017281,6211,1402066.00000000,57.87822806,0
2019-02-03,0.00004137,0.00004230,0.00003963,0.00004041,2799837.00000000,1549238399999,114.49268117,6222,1460879.00000000,59.70444471,0
2019-02-04,0.00004032,0.00004445,0.00003974,0.00004288,10581068.00000000,1549324799999,450.61580592,17765,4454360.00000000,189.69319073,0
2019-02-05,0.00004289,0.00004441,0.00004000,0.00004054,8534346.00000000,1549411199999,353.29053882,16047,3916611.00000000,162.15423647,0
2019-02-06,0.00004061,0.00004142,0.00003802,0.00003884,5175710.00000000,1549497599999,206.86095790,11581,2234367.00000000,89.36375690,0
2019-02-07,0.00003878,0.00004063,0.00003842,0.00003949,2389183.00000000,1549583999999,94.59174327,6260,1242004.00000000,49.18430006,0
2019-02-08,0.00003943,0.00004174,0.00003827,0.00003909,4418382.00000000,1549670399999,175.91301354,8737,2078569.00000000,82.75285727,0
2019-02-09,0.00003910,0.00004087,0.00003850,0.00003880,2968486.00000000,1549756799999,116.77172156,7221,1277956.00000000,50.34175746,0
2019-02-10,0.00003885,0.00003941,0.00003779,0.00003898,2364800.00000000,1549843199999,91.22157729,6107,1198260.00000000,46.27234207,0
2019-02-11,0.00003905,0.00003919,0.00003830,0.00003852,1365774.00000000,1549929599999,52.76380277,3118,623149.00000000,24.09395833,0
2019-02-12,0.00003851,0.00004272,0.00003788,0.00004155,6319709.00000000,1550015999999,255.34327642,12578,3021373.00000000,122.42181332,0
2019-02-13,0.00004151,0.00004172,0.00003956,0.00004017,5277645.00000000,1550102399999,212.74214886,11036,2365773.00000000,95.40411855,0
2019-02-14,0.00004010,0.00004074,0.00003960,0.00003990,2676663.00000000,1550188799999,107.22992909,6108,1386746.00000000,55.57917471,0
2019-02-15,0.00003979,0.00004002,0.00003878,0.00003935,2232899.00000000,1550275199999,88.07084151,4372,1063810.00000000,42.01236912,0
2019-02-16,0.00003925,0.00004140,0.00003913,0.00004017,3266580.00000000,1550361599999,131.41851590,7341,1517356.00000000,61.01795179,0
2019-02-17,0.00004017,0.00004177,0.00003969,0.00004054,3776389.00000000,1550447999999,153.35688411,7251,1674202.00000000,68.04820807,0
2019-02-18,0.00004055,0.00004244,0.00003910,0.00004058,5267111.00000000,1550534399999,214.04659125,10246,2421363.00000000,98.53730626,0
2019-02-19,0.00004059,0.00004070,0.00003807,0.00003881,3396522.00000000,1550620799999,132.66441013,7332,1681491.00000000,65.66290445,0
2019-02-20,0.00003881,0.00004015,0.00003816,0.00003921,2635658.00000000,1550707199999,103.01871797,6081,1317233.00000000,51.53242593,0
2019-02-21,0.00003919,0.00003933,0.00003705,0.00003788,2738039.00000000,1550793599999,104.02266758,6410,1464823.00000000,55.65288033,0
2019-02-22,0.00003788,0.00003900,0.00003740,0.00003854,2108010.00000000,1550879999999,80.14408815,4563,968769.00000000,36.86771615,0
2019-02-23,0.00003855,0.00003992,0.00003781,0.00003827,4387724.00000000,1550966399999,170.21629631,9936,2092530.00000000,81.23921104,0
2019-02-24,0.00003823,0.00004352,0.00003647,0.00003801,13123724.00000000,1551052799999,522.61304631,23182,5964132.00000000,238.59744735,0
2019-02-25,0.00003801,0.00003862,0.00003654,0.00003786,8772926.00000000,1551139199999,328.32388152,17300,4076262.00000000,152.67596480,0
2019-02-26,0.00003786,0.00003881,0.00003700,0.00003879,5265873.00000000,1551225599999,199.02891153,9948,2524703.00000000,95.47874715,0
2019-02-27,0.00003877,0.00004372,0.00003732,0.00003808,19058955.00000000,1551311999999,764.92866457,27210,8487799.00000000,341.64448783,0
2019-02-28,0.00003808,0.00004180,0.00003510,0.00003721,15943584.00000000,1551398399999,603.80542754,27674,7541458.00000000,285.46713479,0
2019-03-01,0.00003726,0.00003894,0.00003710,0.00003747,5531063.00000000,1551484799999,208.75249248,9696,2647829.00000000,100.03992206,0
2019-03-02,0.00003741,0.00003790,0.00003710,0.00003733,3665151.00000000,1551571199999,136.94268021,5607,1587717.00000000,59.39462801,0
2019-03-03,0.00003734,0.00003930,0.00003718,0.00003754,4601489.00000000,1551657599999,174.97903645,7878,2160653.00000000,82.25725056,0
2019-03-04,0.00003761,0.00003775,0.00003601,0.00003715,3559545.00000000,1551743999999,131.19001925,6075,1670215.00000000,61.57227940,0
2019-03-05,0.00003712,0.00003805,0.00003668,0.00003681,2885995.00000000,1551830399999,107.25975115,4468,1182270.00000000,44.03054055,0
2019-03-06,0.00003681,0.00003835,0.00003638,0.00003752,5838852.00000000,1551916799999,219.04095330,7700,2617955.00000000,98.34444428,0
2019-03-07,0.00003751,0.00003816,0.00003705,0.00003780,4482484.00000000,1552003199999,168.20944494,6222,2053885.00000000,77.17120716,0
2019-03-08,0.00003782,0.00003988,0.00003699,0.00003750,11647701.00000000,1552089599999,448.65115875,15995,5064196.00000000,195.46650524,0
2019-03-09,0.00003748,0.00004271,0.00003710,0.00004238,15186840.00000000,1552175999999,604.60599298,20863,7968439.00000000,316.98354468,0
2019-03-10,0.00004235,0.00004710,0.00004104,0.00004320,28805857.00000000,1552262399999,1250.21197124,44592,13877752.00000000,603.03936876,0
2019-03-11,0.00004322,0.00004409,0.00003990,0.00004016,14507054.00000000,1552348799999,597.83623425,19551,6951503.00000000,286.06140369,0
2019-03-12,0.00004015,0.00004332,0.00003968,0.00004098,9216753.00000000,1552435199999,380.96663636,12439,4381865.00000000,181.24193706,0
2019-03-13,0.00004097,0.00004217,0.00003968,0.00004096,8945902.00000000,1552521599999,367.24502275,12703,4290465.00000000,176.17782024,0
2019-03-14,0.00004091,0.00004344,0.00004046,0.00004212,10652932.00000000,1552607999999,446.20924696,17961,5100083.00000000,213.75921481,0
2019-03-15,0.00004218,0.00004250,0.00004151,0.00004184,5386369.00000000,1552694399999,225.71342298,8072,2544133.00000000,106.68891361,0
2019-03-16,0.00004187,0.00004220,0.00003982,0.00004032,5751380.00000000,1552780799999,234.15133774,8254,2465898.00000000,100.45895756,0
2019-03-17,0.00004045,0.00004129,0.00004000,0.00004067,2945564.00000000,1552867199999,119.44851618,4884,1517423.00000000,61.61147301,0
2019-03-18,0.00004064,0.00004153,0.00004002,0.00004034,4092519.00000000,1552953599999,166.46389238,7338,1768966.00000000,72.10426102,0
2019-03-19,0.00004034,0.00004059,0.00003810,0.00003952,4804005.00000000,1553039999999,189.75090779,10294,2349425.00000000,92.87945527,0
2019-03-20,0.00003953,0.00004084,0.00003911,0.00003977,5347742.00000000,1553126399999,213.60749698,7037,2506897.00000000,100.11536499,0
2019-03-21,0.00003977,0.00004064,0.00003586,0.00003812,7390678.00000000,1553212799999,283.86047229,10415,3176561.00000000,121.79737849,0
2019-03-22,0.00003807,0.00003957,0.00003700,0.00003897,6293691.00000000,1553299199999,243.56891043,8359,3138071.00000000,121.44528133,0
2019-03-23,0.00003896,0.00003963,0.00003851,0.00003904,3059787.00000000,1553385599999,119.63624424,4660,1626858.00000000,63.65676637,0
2019-03-24,0.00003900,0.00003948,0.00003836,0.00003932,3157782.00000000,1553471999999,122.46049709,4024,1668034.00000000,64.80108609,0
2019-03-25,0.00003925,0.00004085,0.00003825,0.00003896,8697020.00000000,1553558399999,343.04006005,16794,4276339.00000000,169.00118106,0
2019-03-26,0.00003903,0.00004523,0.00003732,0.00003978,24897360.00000000,1553644799999,1014.10085426,32549,11959874.00000000,488.84918619,0
2019-03-27,0.00003982,0.00004622,0.00003940,0.00004130,39906764.00000000,1553731199999,1697.97690010,55135,18658927.00000000,795.55433560,0
2019-03-28,0.00004136,0.00004391,0.00004048,0.00004253,17436288.00000000,1553817599999,734.89059918,25375,7764681.00000000,327.40076468,0
2019-03-29,0.00004249,0.00004289,0.00004021,0.00004121,8536362.00000000,1553903999999,353.09972168,12252,3741637.00000000,154.79049736,0
2019-03-30,0.00004120,0.00004222,0.00003973,0.00004048,5326602.00000000,1553990399999,217.36326924,8392,2311994.00000000,94.70199997,0
2019-03-31,0.00004039,0.00004342,0.00004010,0.00004207,8064820.00000000,1554076799999,338.13017825,12242,3962174.00000000,166.08154791,0
2019-04-01,0.00004195,0.00004897,0.00004151,0.00004774,29968772.00000000,1554163199999,1379.44312035,43161,14457273.00000000,665.38909383,0
2019-04-02,0.00004779,0.00005400,0.00003713,0.00004245,74138631.00000000,1554249599999,3542.02371116,93994,34209652.00000000,1641.52837723,0
2019-04-03,0.00004254,0.00004753,0.00003906,0.00004038,33129654.00000000,1554335999999,1412.32863009,44963,15086867.00000000,644.40416624,0
2019-04-04,0.00004032,0.00004292,0.00003976,0.00004064,12377977.00000000,1554422399999,507.39824321,15114,5597256.00000000,229.64927323,0
2019-04-05,0.00004064,0.00004187,0.00003999,0.00004074,8378730.00000000,1554508799999,342.88043483,10086,3926797.00000000,160.85044030,0
2019-04-06,0.00004077,0.00004286,0.00003923,0.00004008,9745387.00000000,1554595199999,398.21779175,13179,4265098.00000000,174.65198210,0
2019-04-07,0.00004005,0.00004028,0.00003844,0.00003897,6456924.00000000,1554681599999,254.83874214,8879,2825273.00000000,111.63047851,0
2019-04-08,0.00003892,0.00004000,0.00003732,0.00003749,9895820.00000000,1554767999999,380.74047842,13203,4399278.00000000,169.74000761,0
2019-04-09,0.00003749,0.00003988,0.00003613,0.00003806,10466681.00000000,1554854399999,394.86220062,16574,4819760.00000000,182.28868490,0
2019-04-10,0.00003802,0.00003943,0.00003446,0.00003482,9131465.00000000,1554940799999,336.06331686,17180,3832660.00000000,141.29623946,0
2019-04-11,0.00003476,0.00003488,0.00002988,0.00003234,14114117.00000000,1555027199999,460.18072448,21335,6366030.00000000,207.60488616,0
2019-04-12,0.00003234,0.00003355,0.00003099,0.00003216,6732192.00000000,1555113599999,218.24642405,10023,3279530.00000000,106.42366889,0
2019-04-13,0.00003215,0.00003325,0.00003200,0.00003227,4080248.00000000,1555199999999,132.60168695,7025,1824333.00000000,59.35876837,0
2019-04-14,0.00003230,0.00003530,0.00003226,0.00003289,11056101.00000000,1555286399999,372.93469862,17819,5173477.00000000,174.59791235,0
2019-04-15,0.00003289,0.00003314,0.00003054,0.00003237,10979928.00000000,1555372799999,350.26117674,18544,5002977.00000000,159.74351003,0
2019-04-16,0.00003239,0.00003302,0.00003020,0.00003072,4882126.00000000,1555459199999,152.74241067,7746,2190275.00000000,68.56527611,0
2019-04-17,0.00003070,0.00003150,0.00002967,0.00003087,6915138.00000000,1555545599999,212.05413156,10654,3143958.00000000,96.37468638,0
2019-04-18,0.00003089,0.00003240,0.00003039,0.00003057,7937778.00000000,1555631999999,247.65665081,10941,3391251.00000000,105.97380749,0
2019-04-19,0.00003057,0.00003170,0.00002997,0.00003025,7513209.00000000,1555718399999,230.76070649,9179,3073299.00000000,94.56757055,0
2019-04-20,0.00003028,0.00003236,0.00003010,0.00003111,7776031.00000000,1555804799999,242.63515291,10103,3568847.00000000,111.38963398,0
2019-04-21,0.00003115,0.00003235,0.00002926,0.00002965,6086353.00000000,1555891199999,184.96989290,9998,2895467.00000000,88.17503713,0
2019-04-22,0.00002962,0.00003162,0.00002906,0.00002980,10618101.00000000,1555977599999,321.40522366,13497,4714209.00000000,143.06150790,0
2019-04-23,0.00002985,0.00003031,0.00002660,0.00002708,9483877.00000000,1556063999999,268.62753278,14443,4232737.00000000,120.13590769,0
2019-04-24,0.00002708,0.00002746,0.00002449,0.00002515,8521825.00000000,1556150399999,216.53683485,11192,3719363.00000000,94.45652557,0
2019-04-25,0.00002523,0.00002692,0.00002369,0.00002447,8689390.00000000,1556236799999,222.07952046,11993,3946694.00000000,100.91183187,0
2019-04-26,0.00002449,0.00002462,0.00002226,0.00002308,8801431.00000000,1556323199999,204.08598042,9102,4178748.00000000,96.85969369,0
2019-04-27,0.00002301,0.00002441,0.00002254,0.00002389,5445745.00000000,1556409599999,127.92779998,7477,2671913.00000000,62.86812076,0
2019-04-28,0.00002390,0.00002397,0.00002272,0.00002293,3357462.00000000,1556495999999,78.61138089,3999,1638283.00000000,38.36608461,0
2019-04-29,0.00002293,0.00002380,0.00002150,0.00002240,4381684.00000000,1556582399999,99.17302582,5545,1925661.00000000,43.53803893,0
2019-04-30,0.00002239,0.00002287,0.00002186,0.00002277,3148919.00000000,1556668799999,70.47030100,3777,1535319.00000000,34.41001125,0
2019-05-01,0.00002276,0.00002419,0.00002257,0.00002267,3494378.00000000,1556755199999,81.07418072,5612,1584384.00000000,36.78512577,0
2019-05-02,0.00002268,0.00002275,0.00002170,0.00002217,2428662.00000000,1556841599999,54.08936040,3013,1077247.00000000,24.02931082,0
2019-05-03,0.00002215,0.00002220,0.00001979,0.00002043,5594669.00000000,1556927999999,116.24504354,5872,2499349.00000000,51.83380185,0
2019-05-04,0.00002041,0.00002052,0.00001866,0.00001897,4882996.00000000,1557014399999,95.45172761,5397,2269989.00000000,44.39400435,0
2019-05-05,0.00001898,0.00002131,0.00001896,0.00002032,4355669.00000000,1557100799999,87.90726671,5815,2036519.00000000,41.07063818,0
2019-05-06,0.00002032,0.00002462,0.00001983,0.00002194,29055675.00000000,1557187199999,662.36176882,31339,13665368.00000000,311.98556975,0
2019-05-07,0.00002204,0.00002241,0.00001930,0.00001942,9508731.00000000,1557273599999,196.46995602,9175,4316813.00000000,89.37691073,0
2019-05-08,0.00001935,0.00002036,0.00001902,0.00001905,3416434.00000000,1557359999999,66.91632932,3278,1583319.00000000,31.06934330,0
2019-05-09,0.00001904,0.00001918,0.00001617,0.00001634,5214076.00000000,1557446399999,89.97160804,3838,2107663.00000000,36.17938700,0
2019-05-10,0.00001632,0.00002107,0.00001551,0.00001700,9672033.00000000,1557532799999,172.88580910,9608,4704975.00000000,84.50475809,0
2019-05-11,0.00001701,0.00001845,0.00001626,0.00001656,10640292.00000000,1557619199999,184.96457967,10107,5127550.00000000,89.06004467,0
2019-05-12,0.00001656,0.00001796,0.00001600,0.00001641,4815485.00000000,1557705599999,79.69464150,4509,2207340.00000000,36.55202025,0
2019-05-13,0.00001646,0.00001727,0.00001438,0.00001484,6276322.00000000,1557791999999,99.51599069,5099,2684095.00000000,42.51989154,0
2019-05-14,0.00001492,0.00001599,0.00001392,0.00001481,7107152.00000000,1557878399999,103.83989005,5925,3415070.00000000,49.97860982,0
2019-05-15,0.00001477,0.00001877,0.00001461,0.00001666,9474162.00000000,1557964799999,155.24584610,9266,4709170.00000000,77.32567172,0
2019-05-16,0.00001676,0.00001793,0.00001610,0.00001669,9359844.00000000,1558051199999,158.50126500,8516,4720440.00000000,79.97132451,0
2019-05-17,0.00001671,0.00001756,0.00001566,0.00001695,7097244.00000000,1558137599999,117.42981381,5893,3493065.00000000,57.95622917,0
2019-05-18,0.00001695,0.00001755,0.00001669,0.00001722,3519014.00000000,1558223999999,60.09668484,3444,1713798.00000000,29.26872192,0
2019-05-19,0.00001722,0.00001730,0.00001525,0.00001550,5683901.00000000,1558310399999,91.58587291,4510,2450858.00000000,39.59671274,0
2019-05-20,0.00001547,0.00001700,0.00001500,0.00001581,6061013.00000000,1558396799999,97.50671142,5474,2720862.00000000,43.80870607,0
2019-05-21,0.00001581,0.00001806,0.00001567,0.00001700,8736035.00000000,1558483199999,147.89696877,7761,4763018.00000000,80.81563031,0
2019-05-22,0.00001697,0.00002000,0.00001654,0.00001758,12885171.00000000,1558569599999,233.36515102,12856,6299636.00000000,114.26123168,0
2019-05-23,0.00001760,0.00001950,0.00001737,0.00001809,12305608.00000000,1558655999999,224.97466825,11033,6143354.00000000,112.38499319,0
2019-05-24,0.00001810,0.00002034,0.00001688,0.00001746,14988829.00000000,1558742399999,278.95630248,13824,7427228.00000000,138.64091817,0
2019-05-25,0.00001747,0.00001813,0.00001676,0.00001712,6771310.00000000,1558828799999,116.99872428,5702,3074498.00000000,53.21668082,0
2019-05-26,0.00001712,0.00001990,0.00001591,0.00001620,13942460.00000000,1558915199999,248.28335231,12349,6784129.00000000,122.00434432,0
2019-05-27,0.00001627,0.00001634,0.00001460,0.00001610,11393490.00000000,1559001599999,177.08093530,9950,5554571.00000000,86.48779893,0
2019-05-28,0.00001608,0.00001641,0.00001553,0.00001584,6244544.00000000,1559087999999,99.76055430,5094,2991141.00000000,47.87907445,0
2019-05-29,0.00001584,0.00001689,0.00001530,0.00001661,5167050.00000000,1559174399999,82.71322899,5144,2440434.00000000,39.08237250,0
2019-05-30,0.00001667,0.00001783,0.00001511,0.00001553,13836295.00000000,1559260799999,229.30421087,11126,6597380.00000000,109.79522778,0
2019-05-31,0.00001565,0.00001663,0.00001540,0.00001590,4412703.00000000,1559347199999,69.80443754,4595,2182066.00000000,34.53629584,0
2019-06-01,0.00001587,0.00001593,0.00001450,0.00001540,6403953.00000000,1559433599999,98.29246772,5954,2614634.00000000,40.21948737,0
2019-06-02,0.00001541,0.00001613,0.00001530,0.00001601,3782189.00000000,1559519999999,59.17933666,3883,1776469.00000000,27.85954616,0
2019-06-03,0.00001604,0.00001644,0.00001530,0.00001536,4370394.00000000,1559606399999,68.67309690,3636,1983345.00000000,31.30131923,0
2019-06-04,0.00001532,0.00001561,0.00001481,0.00001528,3293056.00000000,1559692799999,50.28163737,3038,1418884.00000000,21.70498527,0
2019-06-05,0.00001528,0.00001621,0.00001521,0.00001582,2753076.00000000,1559779199999,42.96789733,3275,1403435.00000000,21.91578336,0
2019-06-06,0.00001581,0.00001627,0.00001540,0.00001568,3068364.00000000,1559865599999,48.35173100,3223,1268498.00000000,20.02673183,0
2019-06-07,0.00001568,0.00001627,0.00001550,0.00001591,3791205.00000000,1559951999999,60.19288689,3308,1827508.00000000,29.07063803,0
2019-06-08,0.00001591,0.00001689,0.00001585,0.00001631,5787126.00000000,1560038399999,94.80444747,5057,2685884.00000000,44.01367708,0
2019-06-09,0.00001632,0.00001740,0.00001612,0.00001729,7879146.00000000,1560124799999,131.97266132,7597,3617648.00000000,60.71083255,0
2019-06-10,0.00001725,0.00001851,0.00001697,0.00001729,12753480.00000000,1560211199999,224.98879878,11442,5910086.00000000,104.42883457,0
2019-06-11,0.00001728,0.00001868,0.00001700,0.00001785,9557652.00000000,1560297599999,171.23119688,9437,4596577.00000000,82.52727105,0
2019-06-12,0.00001787,0.00001787,0.00001685,0.00001707,6883614.00000000,1560383999999,119.21507764,5446,3426995.00000000,59.37893632,0
2019-06-13,0.00001710,0.00001758,0.00001569,0.00001598,6034947.00000000,1560470399999,100.88483927,5666,2275131.00000000,38.05065087,0
2019-06-14,0.00001596,0.00001661,0.00001402,0.00001420,9035766.00000000,1560556799999,137.04162356,7559,4327564.00000000,65.48909961,0
2019-06-15,0.00001421,0.00001495,0.00001381,0.00001446,8636823.00000000,1560643199999,124.30876512,6677,4305508.00000000,62.02263129,0
2019-06-16,0.00001447,0.00001453,0.00001311,0.00001367,6055170.00000000,1560729599999,82.44530074,5045,2887153.00000000,39.33288119,0
2019-06-17,0.00001372,0.00001374,0.00001250,0.00001286,4677824.00000000,1560815999999,62.18561560,3755,2091325.00000000,27.85526268,0
2019-06-18,0.00001286,0.00001390,0.00001272,0.00001338,4013947.00000000,1560902399999,52.39338168,3739,1967851.00000000,25.69604332,0
2019-06-19,0.00001338,0.00001400,0.00001295,0.00001304,5168679.00000000,1560988799999,69.61564994,5670,2303571.00000000,31.07077065,0
2019-06-20,0.00001304,0.00001375,0.00001181,0.00001199,6244970.00000000,1561075199999,78.95454947,5445,2959266.00000000,37.48771417,0
2019-06-21,0.00001193,0.00001226,0.00001050,0.00001070,5486997.00000000,1561161599999,62.63373799,4639,2463206.00000000,28.24369808,0
2019-06-22,0.00001069,0.00001100,0.00000907,0.00001025,9738446.00000000,1561247999999,97.85547581,7134,4732458.00000000,47.55534559,0
2019-06-23,0.00001025,0.00001150,0.00000931,0.00000986,9465643.00000000,1561334399999,97.70836059,7087,4754909.00000000,49.20094593,0
2019-06-24,0.00000982,0.00001139,0.00000979,0.00001009,8895230.00000000,1561420799999,92.54286687,6360,4128796.00000000,42.87547245,0
2019-06-25,0.00001012,0.00001023,0.00000909,0.00000943,5743771.00000000,1561507199999,55.71406606,4053,2692456.00000000,26.12797934,0
2019-06-26,0.00000942,0.00000945,0.00000716,0.00000777,10083835.00000000,1561593599999,84.03230345,5952,4690472.00000000,38.93026326,0
2019-06-27,0.00000780,0.00001064,0.00000763,0.00000877,8864092.00000000,1561679999999,77.60826647,5696,4367086.00000000,38.33785850,0
2019-06-28,0.00000876,0.00000973,0.00000797,0.00000800,6493855.00000000,1561766399999,56.47412963,3912,3227357.00000000,28.05106621,0
2019-06-29,0.00000800,0.00000880,0.00000795,0.00000863,10396283.00000000,1561852799999,87.07426894,5603,5247845.00000000,44.02103147,0
2019-06-30,0.00000866,0.00000910,0.00000844,0.00000895,4941662.00000000,1561939199999,42.90057400,2493,2418081.00000000,21.07323755,0
2019-07-01,0.00000896,0.00000940,0.00000887,0.00000915,4518719.00000000,1562025599999,41.18443890,2483,2075783.00000000,18.89499114,0
2019-07-02,0.00000911,0.00000937,0.00000856,0.00000874,6586793.00000000,1562111999999,58.95052550,3103,3239424.00000000,28.90482591,0
2019-07-03,0.00000871,0.00001180,0.00000799,0.00000911,36033058.00000000,1562198399999,361.95464257,20618,16492021.00000000,165.99877060,0
2019-07-04,0.00000912,0.00001269,0.00000889,0.00001148,61621202.00000000,1562284799999,672.90388245,41114,30203396.00000000,330.79121230,0
2019-07-05,0.00001150,0.00001255,0.00001041,0.00001060,22712455.00000000,1562371199999,257.94842425,16458,10784097.00000000,122.57551252,0
2019-07-06,0.00001060,0.00001135,0.00000978,0.00000992,11492326.00000000,1562457599999,119.18479103,6831,5622845.00000000,58.07044040,0
2019-07-07,0.00000991,0.00001090,0.00000960,0.00001017,8041044.00000000,1562543999999,80.16231551,5555,4258428.00000000,42.54623691,0
2019-07-08,0.00001012,0.00001344,0.00001003,0.00001243,54319928.00000000,1562630399999,661.75062188,38561,26342240.00000000,321.69752067,0
2019-07-09,0.00001240,0.00001470,0.00001095,0.00001100,83460806.00000000,1562716799999,1080.10185978,54560,39321146.00000000,511.72570640,0
2019-07-10,0.00001100,0.00001140,0.00000985,0.00001033,39053615.00000000,1562803199999,408.17060711,24287,16826164.00000000,176.29562816,0
2019-07-11,0.00001027,0.00001112,0.00000912,0.00000922,15878466.00000000,1562889599999,160.92506993,10753,7769468.00000000,79.46157890,0
2019-07-12,0.00000923,0.00001333,0.00000917,0.00001281,33019155.00000000,1562975999999,378.14595177,34773,18274947.00000000,207.73857292,0
2019-07-13,0.00001283,0.00001330,0.00001152,0.00001194,13541437.00000000,1563062399999,167.80949265,16551,6770662.00000000,84.10353558,0
2019-07-14,0.00001195,0.00001270,0.00001075,0.00001216,7024659.00000000,1563148799999,84.34739809,10335,3449838.00000000,41.58446088,0
2019-07-15,0.00001213,0.00001265,0.00001168,0.00001192,3899973.00000000,1563235199999,47.10475296,5633,1791412.00000000,21.64703866,0
2019-07-16,0.00001192,0.00001254,0.00001115,0.00001216,4762455.00000000,1563321599999,56.75323473,6871,2219163.00000000,26.51021475,0
2019-07-17,0.00001223,0.00001224,0.00001131,0.00001181,4633617.00000000,1563407999999,54.76861995,6673,2323079.00000000,27.46205282,0
2019-07-18,0.00001175,0.00001205,0.00001089,0.00001114,3240399.00000000,1563494399999,37.08082390,5653,1512326.00000000,17.34832859,0
2019-07-19,0.00001114,0.00001229,0.00001098,0.00001200,4694793.00000000,1563580799999,54.59169702,7043,2359892.00000000,27.42810320,0
2019-07-20,0.00001199,0.00001225,0.00001110,0.00001169,3727292.00000000,1563667199999,43.80778324,7112,1947072.00000000,22.88979419,0
2019-07-21,0.00001167,0.00001242,0.00001167,0.00001241,2367483.00000000,1563753599999,28.45150905,4215,1220329.00000000,14.65014948,0
2019-07-22,0.00001236,0.00001400,0.00001217,0.00001387,6273408.00000000,1563839999999,81.62647981,10626,3492212.00000000,45.81143353,0
2019-07-23,0.00001387,0.00001388,0.00001235,0.00001305,5561778.00000000,1563926399999,72.29774263,10392,2419949.00000000,31.38111371,0
2019-07-24,0.00001299,0.00001313,0.00001241,0.00001289,2533833.00000000,1564012799999,32.24473234,4693,1272828.00000000,16.23442195,0
2019-07-25,0.00001284,0.00001299,0.00001241,0.00001266,1634230.00000000,1564099199999,20.64758108,2881,787960.00000000,9.96270853,0
2019-07-26,0.00001266,0.00001345,0.00001256,0.00001310,2403975.00000000,1564185599999,31.15358683,3592,1184518.00000000,15.36727924,0
2019-07-27,0.00001310,0.00001316,0.00001262,0.00001270,1543894.00000000,1564271999999,19.87954725,2733,627975.00000000,8.08933108,0
2019-07-28,0.00001270,0.00001304,0.00001241,0.00001285,2604129.00000000,1564358399999,33.13881721,4088,1321594.00000000,16.84940654,0
2019-07-29,0.00001287,0.00001345,0.00001249,0.00001317,3820183.00000000,1564444799999,49.65626351,8814,1604096.00000000,20.77948049,0
2019-07-30,0.00001317,0.00001359,0.00001244,0.00001265,4167971.00000000,1564531199999,53.82694095,8653,1987626.00000000,25.71121281,0
2019-07-31,0.00001262,0.00001266,0.00001145,0.00001165,5014080.00000000,1564617599999,60.43635038,6762,2779608.00000000,33.54153505,0
2019-08-01,0.00001165,0.00001197,0.00001083,0.00001091,3199870.00000000,1564703999999,36.31141979,4036,1680087.00000000,19.07477470,0
2019-08-02,0.00001089,0.00001117,0.00001068,0.00001077,3010329.00000000,1564790399999,32.61312065,3552,1939801.00000000,21.03563231,0
2019-08-03,0.00001078,0.00001105,0.00001030,0.00001066,3642397.00000000,1564876799999,38.59043218,5117,2096924.00000000,22.17608671,0
2019-08-04,0.00001066,0.00001089,0.00001004,0.00001007,1992804.00000000,1564963199999,20.67696518,2221,844581.00000000,8.75380881,0
2019-08-05,0.00001004,0.00001007,0.00000879,0.00000882,3546043.00000000,1565049599999,33.06659726,3539,1777473.00000000,16.55399926,0
2019-08-06,0.00000883,0.00001101,0.00000834,0.00001028,6755502.00000000,1565135999999,61.24531789,6772,3427019.00000000,31.20688837,0
2019-08-07,0.00001027,0.00001050,0.00000814,0.00000824,7682272.00000000,1565222399999,68.68180874,7324,3533471.00000000,31.56363896,0
2019-08-08,0.00000822,0.00000874,0.00000817,0.00000826,4186024.00000000,1565308799999,35.37456662,3624,2098866.00000000,17.71223442,0
2019-08-09,0.00000832,0.00000858,0.00000787,0.00000809,2778851.00000000,1565395199999,22.60377180,2709,1559802.00000000,12.68967531,0
2019-08-10,0.00000808,0.00000859,0.00000785,0.00000839,4053656.00000000,1565481599999,33.41151068,3579,1741593.00000000,14.36821036,0
2019-08-11,0.00000838,0.00000879,0.00000831,0.00000838,3281976.00000000,1565567999999,27.96183432,2735,1570930.00000000,13.39899132,0
2019-08-12,0.00000836,0.00000915,0.00000831,0.00000857,6003423.00000000,1565654399999,51.81296720,4156,2755847.00000000,23.81383460,0
2019-08-13,0.00000854,0.00000873,0.00000842,0.00000865,2304915.00000000,1565740799999,19.71196356,1741,1048975.00000000,8.98050991,0
2019-08-14,0.00000862,0.00000913,0.00000834,0.00000834,3365460.00000000,1565827199999,29.44184504,2699,1774758.00000000,15.56566071,0
2019-08-15,0.00000834,0.00000841,0.00000790,0.00000800,1929302.00000000,1565913599999,15.74190102,1791,624213.00000000,5.10070728,0
2019-08-16,0.00000801,0.00000810,0.00000756,0.00000772,2441445.00000000,1565999999999,19.09675297,1949,1182383.00000000,9.26694956,0
2019-08-17,0.00000772,0.00000806,0.00000764,0.00000791,1373989.00000000,1566086399999,10.78956167,960,578345.00000000,4.53847869,0
2019-08-18,0.00000794,0.00000803,0.00000767,0.00000801,1950143.00000000,1566172799999,15.35774788,1494,865823.00000000,6.83711184,0
2019-08-19,0.00000801,0.00000825,0.00000774,0.00000775,1760281.00000000,1566259199999,14.07820771,1564,883275.00000000,7.07029845,0
2019-08-20,0.00000777,0.00000833,0.00000761,0.00000788,3891350.00000000,1566345599999,31.07324719,2615,2297735.00000000,18.49322104,0
2019-08-21,0.00000788,0.00000944,0.00000783,0.00000917,9804310.00000000,1566431999999,85.96187699,7689,5545937.00000000,48.67684442,0
2019-08-22,0.00000917,0.00000992,0.00000880,0.00000887,5833932.00000000,1566518399999,54.09732608,4584,3108213.00000000,28.90083950,0
2019-08-23,0.00000888,0.00000890,0.00000825,0.00000883,5185015.00000000,1566604799999,44.35764244,3458,2736493.00000000,23.42293869,0
2019-08-24,0.00000881,0.00000911,0.00000851,0.00000875,2619688.00000000,1566691199999,23.19333802,2638,1205765.00000000,10.69867946,0
2019-08-25,0.00000871,0.00000950,0.00000853,0.00000857,4944338.00000000,1566777599999,44.37924919,3801,2291143.00000000,20.58608160,0
2019-08-26,0.00000854,0.00000909,0.00000822,0.00000876,2410585.00000000,1566863999999,20.75802800,2808,1107816.00000000,9.57593161,0
2019-08-27,0.00000876,0.00000897,0.00000857,0.00000880,1672719.00000000,1566950399999,14.67004757,1693,619074.00000000,5.43795064,0
2019-08-28,0.00000885,0.00000889,0.00000826,0.00000855,2406442.00000000,1567036799999,20.72540232,2236,1203914.00000000,10.34974672,0
2019-08-29,0.00000850,0.00000900,0.00000830,0.00000860,2577476.00000000,1567123199999,22.14931585,2518,1226318.00000000,10.52894086,0
2019-08-30,0.00000859,0.00000876,0.00000837,0.00000849,797351.00000000,1567209599999,6.82633116,991,420740.00000000,3.60652887,0
2019-08-31,0.00000851,0.00000870,0.00000824,0.00000845,1255227.00000000,1567295999999,10.60266643,1273,714569.00000000,6.04156827,0
2019-09-01,0.00000845,0.00000865,0.00000828,0.00000839,894348.00000000,1567382399999,7.57958384,831,428329.00000000,3.63143181,0
2019-09-02,0.00000840,0.00000840,0.00000776,0.00000784,1523292.00000000,1567468799999,12.31136002,1593,808018.00000000,6.53171102,0
2019-09-03,0.00000784,0.00000806,0.00000752,0.00000774,975975.00000000,1567555199999,7.57624576,1243,495182.00000000,3.84936712,0
2019-09-04,0.00000774,0.00000797,0.00000754,0.00000769,958751.00000000,1567641599999,7.41110092,1108,468795.00000000,3.61978339,0
2019-09-05,0.00000772,0.00000784,0.00000760,0.00000768,682671.00000000,1567727999999,5.27371354,748,417715.00000000,3.22807998,0
2019-09-06,0.00000767,0.00000768,0.00000725,0.00000757,740266.00000000,1567814399999,5.51998937,1058,368877.00000000,2.74775670,0
2019-09-07,0.00000757,0.00000784,0.00000741,0.00000772,531211.00000000,1567900799999,4.03484823,700,233652.00000000,1.77552388,0
2019-09-08,0.00000774,0.00000787,0.00000756,0.00000780,2297617.00000000,1567987199999,17.75492729,1328,928713.00000000,7.18536789,0
2019-09-09,0.00000779,0.00000798,0.00000760,0.00000773,1995993.00000000,1568073599999,15.53720811,1683,836898.00000000,6.52295070,0
2019-09-10,0.00000774,0.00000810,0.00000755,0.00000771,5139641.00000000,1568159999999,39.88445540,3397,2095719.00000000,16.31956663,0
2019-09-11,0.00000774,0.00000785,0.00000727,0.00000740,4092530.00000000,1568246399999,30.96880052,2789,1791769.00000000,13.59233643,0
2019-09-12,0.00000739,0.00000759,0.00000696,0.00000715,3533963.00000000,1568332799999,25.57091559,3068,2006103.00000000,14.52455040,0
2019-09-13,0.00000715,0.00000717,0.00000686,0.00000692,2135484.00000000,1568419199999,14.89180531,1680,945177.00000000,6.60306051,0
2019-09-14,0.00000692,0.00000722,0.00000680,0.00000689,2407154.00000000,1568505599999,16.73461989,2409,1263171.00000000,8.80956493,0
2019-09-15,0.00000687,0.00000703,0.00000683,0.00000692,1698986.00000000,1568591999999,11.78712918,1188,668310.00000000,4.63641375,0
2019-09-16,0.00000690,0.00000694,0.00000666,0.00000676,2692613.00000000,1568678399999,18.34793895,1785,796345.00000000,5.43686236,0
2019-09-17,0.00000677,0.00000700,0.00000663,0.00000680,6940586.00000000,1568764799999,47.48686356,4723,3099191.00000000,21.21313890,0
2019-09-18,0.00000681,0.00000730,0.00000681,0.00000711,7945239.00000000,1568851199999,56.15818087,5106,3801545.00000000,26.91173286,0
2019-09-19,0.00000707,0.00000713,0.00000655,0.00000678,4181437.00000000,1568937599999,28.96389001,3092,1698784.00000000,11.77907424,0
2019-09-20,0.00000678,0.00000699,0.00000674,0.00000694,2168468.00000000,1569023999999,14.88048325,1474,1141427.00000000,7.84155893,0
2019-09-21,0.00000694,0.00000710,0.00000686,0.00000696,1946898.00000000,1569110399999,13.61405954,1505,901043.00000000,6.30642133,0
2019-09-22,0.00000696,0.00000728,0.00000682,0.00000690,5227126.00000000,1569196799999,36.89069891,3228,2459622.00000000,17.36833132,0
2019-09-23,0.00000692,0.00000710,0.00000686,0.00000692,2509915.00000000,1569283199999,17.53861767,1761,1097988.00000000,7.67967731,0
2019-09-24,0.00000690,0.00000705,0.00000630,0.00000630,5464867.00000000,1569369599999,36.69599586,4037,2051206.00000000,13.84667577,0
2019-09-25,0.00000629,0.00000655,0.00000594,0.00000630,3125979.00000000,1569455999999,19.39923433,2943,1458142.00000000,9.06881287,0
2019-09-26,0.00000633,0.00000643,0.00000594,0.00000626,2176400.00000000,1569542399999,13.58386238,1608,974012.00000000,6.06817591,0
2019-09-27,0.00000626,0.00000636,0.00000605,0.00000635,2561575.00000000,1569628799999,15.96925873,1625,1023254.00000000,6.39701094,0
2019-09-28,0.00000635,0.00000745,0.00000625,0.00000675,12549860.00000000,1569715199999,87.91916532,7091,6151863.00000000,43.18313989,0
2019-09-29,0.00000676,0.00000699,0.00000650,0.00000661,6063785.00000000,1569801599999,40.51790036,3157,2273651.00000000,15.21410632,0
2019-09-30,0.00000662,0.00000675,0.00000645,0.00000660,3214631.00000000,1569887999999,21.12357473,1615,1347510.00000000,8.87969458,0
2019-10-01,0.00000663,0.00000733,0.00000654,0.00000701,10368883.00000000,1569974399999,72.08159847,7769,4930426.00000000,34.42065068,0
2019-10-02,0.00000697,0.00000778,0.00000690,0.00000737,14717145.00000000,1570060799999,107.26941262,7994,7479827.00000000,54.71100624,0
2019-10-03,0.00000738,0.00000827,0.00000729,0.00000746,16669724.00000000,1570147199999,129.35646744,10338,7070762.00000000,55.06253068,0
2019-10-04,0.00000746,0.00000748,0.00000718,0.00000735,9085706.00000000,1570233599999,66.57759904,5139,4038426.00000000,29.62084585,0
2019-10-05,0.00000735,0.00000768,0.00000728,0.00000760,6608953.00000000,1570319999999,49.53447604,3314,2960312.00000000,22.19488316,0
2019-10-06,0.00000761,0.00000766,0.00000720,0.00000758,7238510.00000000,1570406399999,53.37374659,3524,2870903.00000000,21.24293326,0
2019-10-07,0.00000758,0.00000781,0.00000747,0.00000761,9792791.00000000,1570492799999,74.62029627,4852,3994808.00000000,30.50278799,0
2019-10-08,0.00000761,0.00000766,0.00000724,0.00000740,16267597.00000000,1570579199999,121.03613830,5978,6101718.00000000,45.42831586,0
2019-10-09,0.00000739,0.00000775,0.00000652,0.00000687,19029576.00000000,1570665599999,136.85790341,7556,8583455.00000000,61.83449577,0
2019-10-10,0.00000688,0.00000689,0.00000606,0.00000636,16347288.00000000,1570751999999,105.47730403,8235,7349593.00000000,47.63442566,0
2019-10-11,0.00000635,0.00000653,0.00000596,0.00000645,5845562.00000000,1570838399999,37.09633743,2825,2544361.00000000,16.17844420,0
2019-10-12,0.00000645,0.00000665,0.00000640,0.00000661,4336603.00000000,1570924799999,28.31467360,2096,2126036.00000000,13.89462787,0
2019-10-13,0.00000659,0.00000665,0.00000613,0.00000638,5090468.00000000,1571011199999,32.37118037,2743,2211506.00000000,14.06756991,0
2019-10-14,0.00000637,0.00000682,0.00000616,0.00000682,8764851.00000000,1571097599999,56.62196303,4350,4201560.00000000,27.28742029,0
2019-10-15,0.00000678,0.00000682,0.00000626,0.00000632,5719269.00000000,1571183999999,37.14170241,2753,2273735.00000000,14.77044219,0
2019-10-16,0.00000632,0.00000654,0.00000566,0.00000605,7869004.00000000,1571270399999,48.22407398,4005,3566347.00000000,21.87912786,0
2019-10-17,0.00000604,0.00000619,0.00000595,0.00000603,5033316.00000000,1571356799999,30.56995983,2144,2085943.00000000,12.70188235,0
2019-10-18,0.00000602,0.00000609,0.00000583,0.00000592,3645042.00000000,1571443199999,21.66414125,2082,1447202.00000000,8.60977079,0
2019-10-19,0.00000593,0.00000618,0.00000588,0.00000604,3512960.00000000,1571529599999,21.17196009,1928,1612176.00000000,9.70967595,0
2019-10-20,0.00000603,0.00000609,0.00000584,0.00000602,3532739.00000000,1571615999999,21.12340854,1497,1406895.00000000,8.39795182,0
2019-10-21,0.00000603,0.00000620,0.00000591,0.00000606,3897209.00000000,1571702399999,23.49972221,2050,1670903.00000000,10.10688840,0
2019-10-22,0.00000604,0.00000610,0.00000591,0.00000601,4444505.00000000,1571788799999,26.73094997,1514,1880767.00000000,11.32002986,0
2019-10-23,0.00000599,0.00000604,0.00000553,0.00000565,8366335.00000000,1571875199999,48.50082298,3700,3084091.00000000,17.85446669,0
2019-10-24,0.00000565,0.00000583,0.00000549,0.00000573,10002223.00000000,1571961599999,56.72124752,4394,4175897.00000000,23.63347378,0
2019-10-25,0.00000573,0.00000580,0.00000494,0.00000508,13716682.00000000,1572047999999,72.90992820,6128,6176520.00000000,32.85023714,0
2019-10-26,0.00000507,0.00000511,0.00000431,0.00000472,11299109.00000000,1572134399999,53.27752109,5421,4930029.00000000,23.17049624,0
2019-10-27,0.00000468,0.00000486,0.00000416,0.00000468,10460764.00000000,1572220799999,47.43754131,4634,5202221.00000000,23.57197374,0
2019-10-28,0.00000467,0.00000500,0.00000449,0.00000488,10381705.00000000,1572307199999,49.95481710,3891,4402460.00000000,21.15403824,0
2019-10-29,0.00000488,0.00000577,0.00000466,0.00000485,15735933.00000000,1572393599999,80.19714609,6579,7801543.00000000,39.86006167,0
2019-10-30,0.00000485,0.00000504,0.00000469,0.00000477,8501072.00000000,1572479999999,41.23391224,3157,4555510.00000000,22.10886715,0
2019-10-31,0.00000477,0.00000493,0.00000473,0.00000489,3299515.00000000,1572566399999,15.92908896,1555,1812135.00000000,8.75374178,0
2019-11-01,0.00000489,0.00000509,0.00000482,0.00000492,6589657.00000000,1572652799999,32.76450303,2190,2700212.00000000,13.42583207,0
2019-11-02,0.00000492,0.00000498,0.00000478,0.00000491,3693354.00000000,1572739199999,18.05077315,1404,2103654.00000000,10.29361330,0
2019-11-03,0.00000490,0.00000503,0.00000483,0.00000496,5345381.00000000,1572825599999,26.25896347,1865,2678955.00000000,13.18211347,0
2019-11-04,0.00000496,0.00000499,0.00000453,0.00000475,5715889.00000000,1572911999999,27.54307824,2281,2845533.00000000,13.67760073,0
2019-11-05,0.00000474,0.00000487,0.00000466,0.00000473,5382468.00000000,1572998399999,25.71029091,1951,2439979.00000000,11.68144629,0
2019-11-06,0.00000474,0.00000479,0.00000460,0.00000463,7915160.00000000,1573084799999,37.08172236,2891,3518590.00000000,16.52026951,0
2019-11-07,0.00000463,0.00000513,0.00000436,0.00000481,31107757.00000000,1573171199999,145.67064943,10599,13524704.00000000,63.70779543,0
2019-11-08,0.00000480,0.00000530,0.00000455,0.00000460,47740016.00000000,1573257599999,231.38838232,18328,19683652.00000000,95.87107286,0
2019-11-09,0.00000460,0.00000475,0.00000447,0.00000466,20861063.00000000,1573343999999,96.12219998,5793,9418371.00000000,43.43593583,0
2019-11-10,0.00000466,0.00000477,0.00000454,0.00000455,10998312.00000000,1573430399999,51.15552775,2736,4611747.00000000,21.56185539,0
2019-11-11,0.00000458,0.00000485,0.00000454,0.00000469,17621368.00000000,1573516799999,83.19504347,4304,10014209.00000000,47.37523132,0
2019-11-12,0.00000469,0.00000472,0.00000445,0.00000450,15333452.00000000,1573603199999,70.06489537,4520,6490011.00000000,29.79365245,0
2019-11-13,0.00000451,0.00000474,0.00000445,0.00000458,27779189.00000000,1573689599999,128.39838181,4964,17051975.00000000,79.09126245,0
2019-11-14,0.00000460,0.00000478,0.00000443,0.00000456,68206511.00000000,1573775999999,316.00275961,11526,41394740.00000000,192.33922637,0
2019-11-15,0.00000457,0.00000467,0.00000447,0.00000456,16046037.00000000,1573862399999,73.24396665,5646,7427643.00000000,33.97759285,0
2019-11-16,0.00000456,0.00000459,0.00000450,0.00000458,6987790.00000000,1573948799999,31.74154104,3197,2837319.00000000,12.91036039,0
2019-11-17,0.00000457,0.00000478,0.00000455,0.00000472,25205273.00000000,1574035199999,118.01207232,5988,12343176.00000000,57.81344143,0
2019-11-18,0.00000471,0.00000478,0.00000450,0.00000457,11041160.00000000,1574121599999,51.34522276,3467,4233102.00000000,19.76377032,0
2019-11-19,0.00000458,0.00000462,0.00000421,0.00000434,16550113.00000000,1574207999999,72.63312281,6162,5712858.00000000,25.11069793,0
2019-11-20,0.00000434,0.00000436,0.00000408,0.00000420,15105745.00000000,1574294399999,64.18684794,5357,5957926.00000000,25.32580202,0
2019-11-21,0.00000419,0.00000421,0.00000388,0.00000392,19560344.00000000,1574380799999,77.84372506,5465,7170104.00000000,28.58938550,0
2019-11-22,0.00000392,0.00000412,0.00000364,0.00000379,26643015.00000000,1574467199999,103.82937926,7342,11047202.00000000,43.09458482,0
2019-11-23,0.00000379,0.00000392,0.00000373,0.00000385,9055802.00000000,1574553599999,34.65886239,3374,4540760.00000000,17.42520212,0
2019-11-24,0.00000384,0.00000387,0.00000361,0.00000365,8169097.00000000,1574639999999,30.47241175,2719,3175868.00000000,11.86351111,0
2019-11-25,0.00000364,0.00000402,0.00000345,0.00000394,24313329.00000000,1574726399999,91.73904731,9631,11379523.00000000,43.11846335,0
2019-11-26,0.00000394,0.00000422,0.00000383,0.00000418,17361995.00000000,1574812799999,69.99304232,6464,8430708.00000000,34.02720441,0
2019-11-27,0.00000418,0.00000424,0.00000380,0.00000388,18285086.00000000,1574899199999,73.52892708,6580,7923794.00000000,31.87960255,0
2019-11-28,0.00000389,0.00000394,0.00000374,0.00000381,12030953.00000000,1574985599999,46.19519968,3401,4611402.00000000,17.74200951,0
2019-11-29,0.00000381,0.00000387,0.00000364,0.00000370,7051444.00000000,1575071999999,26.49717807,2269,2806258.00000000,10.55588447,0
2019-11-30,0.00000370,0.00000374,0.00000361,0.00000371,4079317.00000000,1575158399999,15.03024419,1737,1609625.00000000,5.94144362,0
2019-12-01,0.00000371,0.00000382,0.00000356,0.00000365,12098286.00000000,1575244799999,44.78934965,5178,5139065.00000000,19.10892802,0
2019-12-02,0.00000366,0.00000387,0.00000361,0.00000363,12848046.00000000,1575331199999,47.94512112,8114,6099632.00000000,22.84097804,0
2019-12-03,0.00000364,0.00000379,0.00000364,0.00000371,7328597.00000000,1575417599999,27.09380555,2359,3485897.00000000,12.91049498,0
2019-12-04,0.00000370,0.00000383,0.00000346,0.00000362,30271885.00000000,1575503999999,111.54284558,15372,15240502.00000000,56.49748955,0
2019-12-05,0.00000362,0.00000362,0.00000333,0.00000341,30694006.00000000,1575590399999,105.23513119,9134,11730019.00000000,40.30724690,0
2019-12-06,0.00000342,0.00000355,0.00000335,0.00000347,14141457.00000000,1575676799999,48.70526444,4242,6379738.00000000,22.04348392,0
2019-12-07,0.00000346,0.00000379,0.00000343,0.00000355,37358937.00000000,1575763199999,135.78356347,21786,18944005.00000000,69.20249748,0
2019-12-08,0.00000355,0.00000375,0.00000351,0.00000364,14692773.00000000,1575849599999,53.35665840,4470,6629853.00000000,24.15518691,0
2019-12-09,0.00000364,0.00000366,0.00000355,0.00000357,10572020.00000000,1575935999999,37.97684307,2798,4858181.00000000,17.46403959,0
2019-12-10,0.00000357,0.00000360,0.00000309,0.00000321,27962304.00000000,1576022399999,92.11550666,7288,11194709.00000000,36.81271249,0
2019-12-11,0.00000322,0.00000344,0.00000322,0.00000334,10686325.00000000,1576108799999,35.37458274,3481,4677514.00000000,15.50696404,0
2019-12-12,0.00000335,0.00000335,0.00000314,0.00000316,9675039.00000000,1576195199999,31.18889056,2981,4160748.00000000,13.44118065,0
2019-12-13,0.00000316,0.00000326,0.00000312,0.00000322,13362670.00000000,1576281599999,42.62749380,3852,5806816.00000000,18.53624642,0
2019-12-14,0.00000322,0.00000333,0.00000308,0.00000318,13692570.00000000,1576367999999,43.87631432,4806,6580997.00000000,21.17974469,0
2019-12-15,0.00000319,0.00000336,0.00000310,0.00000326,12149075.00000000,1576454399999,39.34077373,3837,5551273.00000000,18.02888970,0
2019-12-16,0.00000326,0.00000331,0.00000307,0.00000310,11721912.00000000,1576540799999,37.29624777,3277,5085830.00000000,16.18788583,0
2019-12-17,0.00000309,0.00000310,0.00000279,0.00000287,15954135.00000000,1576627199999,46.96196074,3757,7439425.00000000,21.91735355,0
2019-12-18,0.00000287,0.00000291,0.00000273,0.00000277,11022527.00000000,1576713599999,31.14930034,2673,4627573.00000000,13.10086103,0
2019-12-19,0.00000277,0.00000280,0.00000261,0.00000276,7575703.00000000,1576799999999,20.69288895,2303,3111945.00000000,8.51508695,0
2019-12-20,0.00000276,0.00000289,0.00000273,0.00000283,5797287.00000000,1576886399999,16.31088843,1620,2402237.00000000,6.76339517,0
2019-12-21,0.00000282,0.00000286,0.00000275,0.00000275,4226135.00000000,1576972799999,11.82521203,997,1608906.00000000,4.50693463,0
2019-12-22,0.00000275,0.00000276,0.00000249,0.00000251,8452884.00000000,1577059199999,22.22224154,2250,3220631.00000000,8.50363684,0
2019-12-23,0.00000251,0.00000255,0.00000236,0.00000243,10412280.00000000,1577145599999,25.53528406,2467,5126638.00000000,12.58728298,0
2019-12-24,0.00000242,0.00000250,0.00000240,0.00000245,4875219.00000000,1577231999999,11.98811907,1108,2286109.00000000,5.63699455,0
2019-12-25,0.00000245,0.00000246,0.00000240,0.00000244,3882384.00000000,1577318399999,9.39922945,865,1464463.00000000,3.55250385,0
2019-12-26,0.00000243,0.00000244,0.00000233,0.00000239,5964258.00000000,1577404799999,14.17802887,1433,2675098.00000000,6.35963815,0
2019-12-27,0.00000240,0.00000252,0.00000239,0.00000245,6156791.00000000,1577491199999,15.08701839,1890,2865538.00000000,7.02995692,0
2019-12-28,0.00000246,0.00000251,0.00000242,0.00000245,4569502.00000000,1577577599999,11.24885874,1221,1676858.00000000,4.13755219,0
2019-12-29,0.00000245,0.00000261,0.00000243,0.00000260,10401533.00000000,1577663999999,26.24571932,3070,4789826.00000000,12.11982154,0
2019-12-30,0.00000259,0.00000260,0.00000245,0.00000248,6232371.00000000,1577750399999,15.64482349,2113,2558861.00000000,6.43486097,0
2019-12-31,0.00000248,0.00000252,0.00000244,0.00000246,4520102.00000000,1577836799999,11.16642152,1253,1811282.00000000,4.47587634,0
2020-01-01,0.00000246,0.00000251,0.00000240,0.00000248,7576908.00000000,1577923199999,18.68817357,1894,3130940.00000000,7.75387153,0
2020-01-02,0.00000248,0.00000407,0.00000246,0.00000383,289222199.00000000,1578009599999,1020.31218053,44060,142040425.00000000,500.67248160,0
2020-01-03,0.00000383,0.00000455,0.00000358,0.00000380,325247296.00000000,1578095999999,1315.65903746,56252,149557803.00000000,606.23342665,0
2020-01-04,0.00000380,0.00000389,0.00000331,0.00000343,175378818.00000000,1578182399999,623.75877752,34177,78481916.00000000,279.87919022,0
2020-01-05,0.00000344,0.00000384,0.00000320,0.00000376,94406363.00000000,1578268799999,328.89575122,25270,47204593.00000000,164.78109421,0
2020-01-06,0.00000376,0.00000382,0.00000313,0.00000322,65713945.00000000,1578355199999,226.65872123,18815,26532653.00000000,91.78869543,0
2020-01-07,0.00000323,0.00000368,0.00000307,0.00000330,98138743.00000000,1578441599999,332.18066897,27394,47019310.00000000,159.32684937,0
2020-01-08,0.00000329,0.00000358,0.00000306,0.00000320,57172981.00000000,1578527999999,189.52968783,17816,27447859.00000000,91.29065681,0
2020-01-09,0.00000320,0.00000329,0.00000294,0.00000307,42470630.00000000,1578614399999,131.26788209,9961,17642051.00000000,54.71712389,0
2020-01-10,0.00000307,0.00000355,0.00000302,0.00000335,101508616.00000000,1578700799999,340.14860774,22863,49280203.00000000,165.67200348,0
2020-01-11,0.00000335,0.00000377,0.00000321,0.00000363,74774466.00000000,1578787199999,260.35755956,16958,38136291.00000000,133.65945403,0
2020-01-12,0.00000364,0.00000421,0.00000351,0.00000384,113972784.00000000,1578873599999,447.59415549,26029,54831546.00000000,215.59831998,0
2020-01-13,0.00000386,0.00000417,0.00000354,0.00000362,74283348.00000000,1578959999999,284.08853398,16977,30063118.00000000,115.30161757,0
2020-01-14,0.00000362,0.00000364,0.00000319,0.00000324,65756828.00000000,1579046399999,224.50211296,18931,27970773.00000000,95.90159933,0
2020-01-15,0.00000325,0.00000351,0.00000306,0.00000311,57130496.00000000,1579132799999,186.33037359,16955,23893268.00000000,78.08083604,0
2020-01-16,0.00000312,0.00000336,0.00000303,0.00000318,27200929.00000000,1579219199999,86.65192278,8277,12783344.00000000,40.77618374,0
2020-01-17,0.00000318,0.00000323,0.00000297,0.00000313,29435305.00000000,1579305599999,91.44759973,8637,13476557.00000000,42.04648238,0
2020-01-18,0.00000313,0.00000336,0.00000304,0.00000310,24298559.00000000,1579391999999,78.07405456,7953,10250387.00000000,32.98522373,0
2020-01-19,0.00000310,0.00000346,0.00000300,0.00000325,42183997.00000000,1579478399999,136.79491207,11451,21875132.00000000,71.26772403,0
2020-01-20,0.00000324,0.00000338,0.00000314,0.00000319,19879457.00000000,1579564799999,64.95689491,6142,8515830.00000000,27.95928865,0
2020-01-21,0.00000318,0.00000327,0.00000304,0.00000307,11457094.00000000,1579651199999,36.23150586,3635,4366536.00000000,13.88477625,0
2020-01-22,0.00000307,0.00000316,0.00000305,0.00000315,7936100.00000000,1579737599999,24.62876959,2711,3981306.00000000,12.38344178,0
2020-01-23,0.00000315,0.00000335,0.00000308,0.00000321,24758912.00000000,1579823999999,79.58039867,5332,13169492.00000000,42.41325967,0
2020-01-24,0.00000321,0.00000333,0.00000308,0.00000316,14967400.00000000,1579910399999,47.72644309,5067,6636383.00000000,21.21062852,0
2020-01-25,0.00000315,0.00000319,0.00000311,0.00000316,4461119.00000000,1579996799999,14.03490529,1732,1890601.00000000,5.95377970,0
2020-01-26,0.00000315,0.00000317,0.00000308,0.00000312,5032656.00000000,1580083199999,15.69671150,1412,1826586.00000000,5.70712969,0
2020-01-27,0.00000311,0.00000311,0.00000282,0.00000290,17558943.00000000,1580169599999,52.35240524,4535,5610291.00000000,16.73652122,0
2020-01-28,0.00000290,0.00000292,0.00000271,0.00000275,14275187.00000000,1580255999999,40.28764505,3781,5876600.00000000,16.63409728,0
2020-01-29,0.00000275,0.00000280,0.00000263,0.00000267,10686024.00000000,1580342399999,28.85852356,2931,4613788.00000000,12.49056855,0
2020-01-30,0.00000268,0.00000288,0.00000259,0.00000269,15405594.00000000,1580428799999,41.94706831,4162,6464849.00000000,17.70822371,0
2020-01-31,0.00000269,0.00000282,0.00000267,0.00000278,10299928.00000000,1580515199999,28.39424332,2632,5015691.00000000,13.86526979,0
2020-02-01,0.00000278,0.00000282,0.00000268,0.00000275,10826395.00000000,1580601599999,29.76487251,2670,4499976.00000000,12.39641728,0
2020-02-02,0.00000275,0.00000286,0.00000270,0.00000280,13064348.00000000,1580687999999,36.55851524,3124,5502046.00000000,15.44788710,0
2020-02-03,0.00000280,0.00000308,0.00000279,0.00000297,21332713.00000000,1580774399999,63.25424220,6159,10930180.00000000,32.39906041,0
2020-02-04,0.00000298,0.00000318,0.00000293,0.00000311,26120256.00000000,1580860799999,79.47905043,6093,12493234.00000000,38.13357614,0
2020-02-05,0.00000311,0.00000315,0.00000283,0.00000290,21354617.00000000,1580947199999,63.80532125,5200,7344753.00000000,21.99588247,0
2020-02-06,0.00000288,0.00000308,0.00000287,0.00000306,21763524.00000000,1581033599999,64.26608516,4935,10835264.00000000,32.10513227,0
2020-02-07,0.00000307,0.00000344,0.00000297,0.00000330,47265842.00000000,1581119999999,152.24478769,10250,23345900.00000000,75.34662520,0
2020-02-08,0.00000330,0.00000349,0.00000299,0.00000308,42176469.00000000,1581206399999,136.03213183,9937,17631682.00000000,57.04588007,0
2020-02-09,0.00000309,0.00000327,0.00000299,0.00000320,15313359.00000000,1581292799999,47.81869564,4332,7500405.00000000,23.39633822,0
2020-02-10,0.00000320,0.00000332,0.00000305,0.00000329,17765344.00000000,1581379199999,56.25710592,4605,8575285.00000000,27.23825420,0
2020-02-11,0.00000329,0.00000391,0.00000302,0.00000365,66953065.00000000,1581465599999,234.23879187,19028,32101553.00000000,112.98834730,0
2020-02-12,0.00000365,0.00000809,0.00000356,0.00000633,439427479.00000000,1581551999999,2623.37430880,103879,229974862.00000000,1366.17819815,0
2020-02-13,0.00000635,0.00000766,0.00000518,0.00000528,239531421.00000000,1581638399999,1523.09905119,65235,114340729.00000000,731.50448568,0
2020-02-14,0.00000530,0.00000570,0.00000495,0.00000517,57407931.00000000,1581724799999,303.40910903,15550,27139835.00000000,143.66055212,0
2020-02-15,0.00000518,0.00000565,0.00000450,0.00000467,48590321.00000000,1581811199999,246.47053580,13312,22452888.00000000,114.47348682,0
2020-02-16,0.00000468,0.00000549,0.00000403,0.00000542,60522691.00000000,1581897599999,294.14687955,18505,30048198.00000000,146.51962521,0
2020-02-17,0.00000538,0.00000593,0.00000445,0.00000497,80511195.00000000,1581983999999,409.46347971,29423,38624323.00000000,197.46744439,0
2020-02-18,0.00000496,0.00000520,0.00000465,0.00000489,27415355.00000000,1582070399999,134.02086391,8770,13135196.00000000,64.25690586,0
2020-02-19,0.00000490,0.00000600,0.00000471,0.00000493,77470639.00000000,1582156799999,409.47366905,22593,38946389.00000000,206.93456401,0
2020-02-20,0.00000492,0.00000498,0.00000429,0.00000459,40874437.00000000,1582243199999,188.57529955,11693,19650737.00000000,90.69825955,0
2020-02-21,0.00000460,0.00000483,0.00000428,0.00000439,24492770.00000000,1582329599999,111.52434300,8100,11210873.00000000,51.14287611,0
2020-02-22,0.00000439,0.00000536,0.00000435,0.00000496,55122356.00000000,1582415999999,276.91915300,19211,25454143.00000000,127.37439880,0
2020-02-23,0.00000496,0.00000510,0.00000469,0.00000492,25677381.00000000,1582502399999,125.55037447,9253,12305343.00000000,60.24676861,0
2020-02-24,0.00000492,0.00000495,0.00000443,0.00000462,18970288.00000000,1582588799999,88.54601082,6484,8197406.00000000,38.36886754,0
2020-02-25,0.00000460,0.00000550,0.00000450,0.00000515,37712107.00000000,1582675199999,187.35822448,14216,19959018.00000000,99.56999801,0
2020-02-26,0.00000516,0.00000571,0.00000481,0.00000505,65538406.00000000,1582761599999,341.74258232,27014,31771848.00000000,166.24056694,0
2020-02-27,0.00000505,0.00000550,0.00000465,0.00000525,39879398.00000000,1582847999999,204.90798687,14729,18538989.00000000,95.58358895,0
2020-02-28,0.00000524,0.00000633,0.00000516,0.00000591,68595019.00000000,1582934399999,401.28741308,24213,35222916.00000000,207.38070840,0
2020-02-29,0.00000591,0.00000638,0.00000541,0.00000564,58262208.00000000,1583020799999,336.97639438,18462,26407090.00000000,152.79089024,0
2020-03-01,0.00000563,0.00000637,0.00000549,0.00000589,47226769.00000000,1583107199999,278.50240037,14458,22938780.00000000,135.42927356,0
2020-03-02,0.00000587,0.00000669,0.00000586,0.00000633,49895979.00000000,1583193599999,315.92658506,16082,24689042.00000000,156.61030854,0
2020-03-03,0.00000634,0.00000648,0.00000585,0.00000607,35941960.00000000,1583279999999,217.48644828,12089,15174333.00000000,91.95316518,0
2020-03-04,0.00000606,0.00000622,0.00000559,0.00000570,31100134.00000000,1583366399999,183.25614545,10997,13158764.00000000,77.71139545,0
2020-03-05,0.00000569,0.00000596,0.00000549,0.00000559,27768987.00000000,1583452799999,159.34784106,10527,13156555.00000000,75.57737934,0
2020-03-06,0.00000559,0.00000635,0.00000548,0.00000626,50185301.00000000,1583539199999,302.93060324,18394,25250449.00000000,152.64977831,0
2020-03-07,0.00000626,0.00000647,0.00000578,0.00000595,34517731.00000000,1583625599999,211.04285406,13412,15715475.00000000,96.28908079,0
2020-03-08,0.00000597,0.00000598,0.00000526,0.00000541,28953319.00000000,1583711999999,164.33881984,11193,12057926.00000000,68.51766998,0
2020-03-09,0.00000543,0.00000610,0.00000543,0.00000591,21573859.00000000,1583798399999,124.56081006,9333,11627543.00000000,67.15494624,0
2020-03-10,0.00000591,0.00000660,0.00000579,0.00000618,42075232.00000000,1583884799999,260.00336736,15222,21074488.00000000,130.55815340,0
2020-03-11,0.00000620,0.00000728,0.00000617,0.00000627,64861273.00000000,1583971199999,432.92301209,23432,30582669.00000000,204.00669141,0
2020-03-12,0.00000627,0.00000628,0.00000338,0.00000476,53785245.00000000,1584057599999,288.39474457,26119,24464818.00000000,131.85435121,0
2020-03-13,0.00000475,0.00000581,0.00000462,0.00000526,37165156.00000000,1584143999999,192.50398700,25085,18568477.00000000,96.67880208,0
2020-03-14,0.00000526,0.00000559,0.00000510,0.00000526,16465021.00000000,1584230399999,88.10422507,9306,6833784.00000000,36.65993387,0
2020-03-15,0.00000528,0.00000550,0.00000483,0.00000511,15643486.00000000,1584316799999,80.01455433,6297,6337213.00000000,32.43562698,0
2020-03-16,0.00000510,0.00000522,0.00000415,0.00000432,26701377.00000000,1584403199999,119.14066186,10477,11863288.00000000,53.21058549,0
2020-03-17,0.00000429,0.00000465,0.00000402,0.00000436,15699000.00000000,1584489599999,69.30128970,5614,7467620.00000000,33.04598601,0
2020-03-18,0.00000435,0.00000440,0.00000384,0.00000398,20853857.00000000,1584575999999,83.33348741,5275,8558842.00000000,34.21240964,0
2020-03-19,0.00000399,0.00000462,0.00000396,0.00000423,32783143.00000000,1584662399999,140.13347787,9261,15344619.00000000,65.58402481,0
2020-03-20,0.00000423,0.00000437,0.00000366,0.00000389,17965516.00000000,1584748799999,71.65585550,5964,7930257.00000000,31.54480215,0
2020-03-21,0.00000390,0.00000416,0.00000371,0.00000394,13584830.00000000,1584835199999,53.41785775,4520,6793673.00000000,26.68558417,0
2020-03-22,0.00000393,0.00000400,0.00000373,0.00000376,4376786.00000000,1584921599999,16.89365146,1693,1998268.00000000,7.73017330,0
2020-03-23,0.00000374,0.00000415,0.00000369,0.00000401,12118768.00000000,1585007999999,47.93320303,5373,5532189.00000000,21.97330819,0
2020-03-24,0.00000402,0.00000415,0.00000371,0.00000380,8326545.00000000,1585094399999,32.29833526,3152,3258950.00000000,12.59326666,0
2020-03-25,0.00000380,0.00000410,0.00000367,0.00000394,11046021.00000000,1585180799999,43.01329428,4241,4770322.00000000,18.61744770,0
2020-03-26,0.00000396,0.00000397,0.00000369,0.00000379,8113854.00000000,1585267199999,30.91649825,3028,3173118.00000000,12.13182794,0
2020-03-27,0.00000381,0.00000399,0.00000370,0.00000376,7079776.00000000,1585353599999,27.27300988,2930,3394045.00000000,13.12700322,0
2020-03-28,0.00000376,0.00000394,0.00000372,0.00000390,3533314.00000000,1585439999999,13.50768713,1718,2082076.00000000,7.96318548,0
2020-03-29,0.00000389,0.00000422,0.00000382,0.00000399,11087765.00000000,1585526399999,44.74692020,4028,5334726.00000000,21.50332274,0
2020-03-30,0.00000397,0.00000445,0.00000388,0.00000419,21100020.00000000,1585612799999,89.16998442,8203,9810726.00000000,41.52144920,0
2020-03-31,0.00000419,0.00000437,0.00000409,0.00000414,8154842.00000000,1585699199999,34.31701391,3171,3758885.00000000,15.86514181,0
2020-04-01,0.00000413,0.00000452,0.00000406,0.00000435,18207102.00000000,1585785599999,79.12162184,6479,8771266.00000000,38.11154556,0
2020-04-02,0.00000433,0.00000442,0.00000413,0.00000417,8796307.00000000,1585871999999,37.63112095,3552,3581586.00000000,15.39476929,0
2020-04-03,0.00000418,0.00000433,0.00000408,0.00000425,7306947.00000000,1585958399999,30.50535544,2191,4093762.00000000,17.11275829,0
2020-04-04,0.00000427,0.00000450,0.00000409,0.00000412,6773200.00000000,1586044799999,28.93619989,2550,2930528.00000000,12.60705255,0
2020-04-05,0.00000410,0.00000421,0.00000395,0.00000403,5700378.00000000,1586131199999,23.32142513,1759,2648373.00000000,10.85791512,0
2020-04-06,0.00000405,0.00000414,0.00000386,0.00000400,9545856.00000000,1586217599999,38.04270683,3477,4620023.00000000,18.43722216,0
2020-04-07,0.00000400,0.00000413,0.00000393,0.00000399,7453633.00000000,1586303999999,29.93265819,2399,2823355.00000000,11.36823063,0
2020-04-08,0.00000397,0.00000403,0.00000392,0.00000397,3109877.00000000,1586390399999,12.35807598,1150,1343028.00000000,5.35759621,0
2020-04-09,0.00000397,0.00000420,0.00000393,0.00000406,6763011.00000000,1586476799999,27.45270045,2735,3130444.00000000,12.74339179,0
2020-04-10,0.00000406,0.00000410,0.00000378,0.00000391,10510276.00000000,1586563199999,41.31795385,3140,4774679.00000000,18.81260567,0
2020-04-11,0.00000392,0.00000398,0.00000384,0.00000389,3508685.00000000,1586649599999,13.72410912,1447,1665436.00000000,6.54588047,0
2020-04-12,0.00000388,0.00000389,0.00000377,0.00000387,5695654.00000000,1586735999999,21.85490317,1718,3130928.00000000,12.04099457,0
2020-04-13,0.00000386,0.00000395,0.00000376,0.00000382,5505595.00000000,1586822399999,21.16971441,2069,2287835.00000000,8.82204563,0
2020-04-14,0.00000381,0.00000399,0.00000380,0.00000384,7823573.00000000,1586908799999,30.39224032,2658,3610145.00000000,14.08483153,0
2020-04-15,0.00000383,0.00000397,0.00000376,0.00000387,5881666.00000000,1586995199999,22.74100887,1981,3215772.00000000,12.48119797,0
2020-04-16,0.00000388,0.00000396,0.00000384,0.00000392,4251803.00000000,1587081599999,16.58462725,1542,2480058.00000000,9.70145394,0
2020-04-17,0.00000394,0.00000398,0.00000383,0.00000388,2594372.00000000,1587167999999,10.11083805,1121,1198816.00000000,4.69824611,0
2020-04-18,0.00000389,0.00000398,0.00000384,0.00000393,2783625.00000000,1587254399999,10.86590841,1263,1211343.00000000,4.74963598,0
2020-04-19,0.00000393,0.00000419,0.00000391,0.00000408,11979407.00000000,1587340799999,48.38783723,3851,6376123.00000000,25.83349325,0
2020-04-20,0.00000410,0.00000411,0.00000392,0.00000398,7533670.00000000,1587427199999,30.25765693,2730,3296950.00000000,13.27011125,0
2020-04-21,0.00000398,0.00000404,0.00000388,0.00000394,3174624.00000000,1587513599999,12.55896972,1290,1204045.00000000,4.77181585,0
2020-04-22,0.00000395,0.00000409,0.00000384,0.00000400,7024083.00000000,1587599999999,27.90396730,2622,3446930.00000000,13.75401595,0
2020-04-23,0.00000399,0.00000403,0.00000369,0.00000382,9732431.00000000,1587686399999,37.60186356,3822,4543609.00000000,17.58674433,0
2020-04-24,0.00000382,0.00000393,0.00000373,0.00000382,8311363.00000000,1587772799999,31.78550313,2465,3501154.00000000,13.41775316,0
2020-04-25,0.00000384,0.00000399,0.00000375,0.00000384,12904765.00000000,1587859199999,49.97567796,4652,5833276.00000000,22.64090753,0
2020-04-26,0.00000386,0.00000410,0.00000385,0.00000391,11471775.00000000,1587945599999,45.19574024,3583,5548347.00000000,21.90358812,0
2020-04-27,0.00000390,0.00000390,0.00000374,0.00000383,5738947.00000000,1588031999999,21.92387391,1806,2046096.00000000,7.82287748,0
2020-04-28,0.00000384,0.00000385,0.00000373,0.00000384,2892999.00000000,1588118399999,11.00806655,1020,1162900.00000000,4.44335676,0
2020-04-29,0.00000384,0.00000384,0.00000339,0.00000362,10585017.00000000,1588204799999,38.49019658,3384,4775454.00000000,17.29719156,0
2020-04-30,0.00000361,0.00000388,0.00000326,0.00000341,14625693.00000000,1588291199999,50.01048243,4221,7067564.00000000,24.28792731,0
2020-05-01,0.00000341,0.00000396,0.00000329,0.00000372,23941862.00000000,1588377599999,86.86017582,7412,11476289.00000000,41.66853231,0
2020-05-02,0.00000371,0.00000446,0.00000352,0.00000420,83465789.00000000,1588463999999,334.53400670,20211,44135752.00000000,176.50479140,0
2020-05-03,0.00000418,0.00000430,0.00000369,0.00000376,28974370.00000000,1588550399999,113.27229799,6857,11788200.00000000,45.99389993,0
2020-05-04,0.00000375,0.00000389,0.00000353,0.00000364,11361704.00000000,1588636799999,41.79307494,3186,4829444.00000000,17.79082859,0
2020-05-05,0.00000362,0.00000374,0.00000350,0.00000357,7731693.00000000,1588723199999,27.76279415,2195,3920061.00000000,14.11705015,0
2020-05-06,0.00000360,0.00000367,0.00000333,0.00000336,9363052.00000000,1588809599999,32.46301594,2542,4110023.00000000,14.26932680,0
2020-05-07,0.00000335,0.00000340,0.00000285,0.00000286,18145471.00000000,1588895999999,55.73458078,4183,7748472.00000000,23.83986771,0
2020-05-08,0.00000290,0.00000319,0.00000287,0.00000308,14038126.00000000,1588982399999,42.21055779,2891,7061937.00000000,21.27892762,0
2020-05-09,0.00000308,0.00000321,0.00000305,0.00000314,4987620.00000000,1589068799999,15.57824855,1248,2339261.00000000,7.34130784,0
2020-05-10,0.00000314,0.00000342,0.00000290,0.00000315,14445594.00000000,1589155199999,45.62622740,3296,6740985.00000000,21.37921615,0
2020-05-11,0.00000314,0.00000326,0.00000303,0.00000313,6628917.00000000,1589241599999,20.79459742,1856,3204244.00000000,10.06900508,0
2020-05-12,0.00000314,0.00000325,0.00000308,0.00000322,5212529.00000000,1589327999999,16.43783254,1267,2430015.00000000,7.70524351,0
2020-05-13,0.00000321,0.00000323,0.00000299,0.00000304,6461814.00000000,1589414399999,20.07129845,1473,2197425.00000000,6.83671795,0
2020-05-14,0.00000305,0.00000308,0.00000287,0.00000290,4424233.00000000,1589500799999,13.11603004,1215,2049661.00000000,6.09705689,0
2020-05-15,0.00000292,0.00000310,0.00000291,0.00000305,2492908.00000000,1589587199999,7.49119011,923,1656814.00000000,4.98572842,0
2020-05-16,0.00000304,0.00000331,0.00000301,0.00000316,7174406.00000000,1589673599999,22.82317843,1881,3695679.00000000,11.79773642,0
2020-05-17,0.00000315,0.00000316,0.00000285,0.00000296,7607864.00000000,1589759999999,22.98506410,1802,2256552.00000000,6.83262350,0
2020-05-18,0.00000297,0.00000320,0.00000292,0.00000310,5867289.00000000,1589846399999,18.12042409,1638,3077580.00000000,9.49656519,0
2020-05-19,0.00000309,0.00000322,0.00000300,0.00000310,6153406.00000000,1589932799999,19.14520969,1798,2708328.00000000,8.49637829,0
2020-05-20,0.00000310,0.00000335,0.00000305,0.00000318,11524919.00000000,1590019199999,36.81017150,2970,6005574.00000000,19.23111341,0
2020-05-21,0.00000318,0.00000326,0.00000308,0.00000315,9145969.00000000,1590105599999,28.85624017,2214,3632213.00000000,11.51745777,0
2020-05-22,0.00000312,0.00000363,0.00000312,0.00000341,20156373.00000000,1590191999999,67.97265077,6645,11088251.00000000,37.46877146,0
2020-05-23,0.00000341,0.00000351,0.00000328,0.00000336,8847406.00000000,1590278399999,29.89417698,3711,3770185.00000000,12.81096813,0
2020-05-24,0.00000338,0.00000350,0.00000334,0.00000350,2592002.00000000,1590364799999,8.85460054,943,1289196.00000000,4.41802222,0
